epoch,trainLoss,trainTop5Acc,trainBatchTime,trainDataTime,valLoss,valTop5Acc,bleu1,bleu2,bleu3,bleu4
0,3.851266836431618,64.05675072401998,0.3352674100375043,0.047400596060735094,3.2714518468034512,71.3848793535765,0.6941868615887873,0.48525178101689675,0.3147035944836618,0.1969850097068749
1,3.300011536730587,71.02036925942396,0.33693667076870676,0.04574050612132329,3.0969556158368294,73.70504312163685,0.7098278273181585,0.5025486653205407,0.332054239055076,0.21240548954784838
