testLoss,testTop5Acc,bleu1,bleu2,bleu3,bleu4
2.9810342596011403,75.4528830318775,0.710140873633309,0.4987835865349974,0.33191772301564937,0.21646250589878543
