epoch,trainDataTime
0,0.026796168101621845
1,0.005605679331049482
2,0.005595388188799307
3,0.005537029776746022
4,0.005570194106112157
