epoch,trainDataTime
0,0.03045372947701005
1,0.02932926408771767
2,0.0277473962129052
3,0.026751708120171195
4,0.026530063482744098
