epoch,trainLoss,valLoss,bleu4
0,7.849665225562402,7.81219674856968,1.2505964004733555e-231
1,7.773084023654861,7.7186841145520075,1.2771255683297023e-231
