epoch,trainLoss,trainTop5Acc,trainBatchTime,trainDataTime,valLoss,valTop5Acc,bleu1,bleu2,bleu3,bleu4
0,9.014359544378383,20.70496520275111,0.3249967396259308,0.008641532622277737,7.288180670990806,32.054809536903115,0.3066278024462666,0.007409700543263927,1.1713646020945606e-103,1.2840222341604727e-155
1,6.732487302156697,31.674046577119757,0.28163474798202515,0.0054521397687494755,6.033114116742441,34.875027367125895,0.30874808993669506,0.010076585751261418,1.4348632407924677e-103,1.4973692777046652e-155
