epoch,trainLoss,trainTop5Acc,trainBatchTime,trainDataTime,valLoss,valTop5Acc,bleu1,bleu2,bleu3,bleu4
0,9.03113465650382,"tensor(19.7270, device='cuda:0')",0.2722269296646118,0.008800534531474113,7.188148018074735,"tensor(32.0914, device='cuda:0')",0.25819281375139613,0.006799343258210741,1.1067559370187295e-103,1.23000166418029e-155
1,6.680539734647545,"tensor(31.3519, device='cuda:0')",0.278736412525177,0.0067378259263932705,6.0127880384626105,"tensor(34.6075, device='cuda:0')",0.3087208033180528,0.010076140465870395,1.4348213920174644e-103,1.4973361928857442e-155
