testLoss,testTop5Acc,bleu1,bleu2,bleu3,bleu4
2.849827169366554,71.29678439641539,0.6684238270954138,0.4545830047460378,0.2895882007704879,0.17886019053954286
