testLoss,testTop5Acc,bleu1,bleu2,bleu3,bleu4
3.421684300898501,68.45369512092357,0.6497682649363782,0.4120964527163857,0.24466424089483055,0.14198519557324465
