testLoss,testTop5Acc,bleu1,bleu2,bleu3,bleu4
3.075383136671636,71.05586921715683,0.6602005561641527,0.43498101742191553,0.2734840815765713,0.16797918191016442
