epoch,trainDataTime
0,0.0275118966092433
1,0.025964781419554755
2,0.02560948868041862
3,0.02578435625348772
4,0.025875509420691778
